indice nodo;Total flood vol (m3)
           0;   0.0000000000E+000
           1;   0.0000000000E+000
           2;   0.0000000000E+000
           3;   0.0000000000E+000
           4;   0.0000000000E+000
           5;   0.0000000000E+000
           6;   0.0000000000E+000
           7;   0.0000000000E+000
           8;   0.0000000000E+000
           9;   0.0000000000E+000
          10;   0.0000000000E+000
          11;   0.0000000000E+000
          12;   0.0000000000E+000
          13;   0.4464325292E+002
          14;   0.0000000000E+000
          15;   0.0000000000E+000
          16;   0.0000000000E+000
          17;   0.0000000000E+000
          18;   0.0000000000E+000
          19;   0.0000000000E+000
          20;   0.0000000000E+000
          21;   0.0000000000E+000
          22;   0.0000000000E+000
          23;   0.0000000000E+000
          24;   0.0000000000E+000
          25;   0.0000000000E+000
          26;   0.0000000000E+000
          27;   0.0000000000E+000
          28;   0.0000000000E+000
          29;   0.0000000000E+000
          30;   0.0000000000E+000
          31;   0.0000000000E+000
          32;   0.0000000000E+000
          33;   0.0000000000E+000
          34;   0.0000000000E+000
          35;   0.0000000000E+000
          36;   0.0000000000E+000
          37;   0.1791635903E+003
          38;   0.0000000000E+000
          39;   0.0000000000E+000
          40;   0.0000000000E+000
          41;   0.0000000000E+000
          42;   0.0000000000E+000
          43;   0.0000000000E+000
          44;   0.0000000000E+000
          45;   0.0000000000E+000
          46;   0.0000000000E+000
          47;   0.0000000000E+000
          48;   0.0000000000E+000
          49;   0.0000000000E+000
          50;   0.0000000000E+000
          51;   0.0000000000E+000
          52;   0.0000000000E+000
          53;   0.0000000000E+000
          54;   0.0000000000E+000
          55;   0.0000000000E+000
          56;   0.0000000000E+000
          57;   0.0000000000E+000
          58;   0.0000000000E+000
          59;   0.3663697574E+003
          60;   0.0000000000E+000
          61;   0.0000000000E+000
          62;   0.0000000000E+000
          63;   0.0000000000E+000
          64;   0.0000000000E+000
          65;   0.0000000000E+000
